Emily,Wilson,Engineering,1997,2016,2012345678901
Liam,Nguyen,Business,1998,2017,2013456789012
Sophia,Patel,Medicine,1995,2014,2014567890123
Noah,Wong,Computer Science,1995,2014,2015678901234
Olivia,Kim,Law,1996,2015,2016789012345
William,Chen,Engineering,1995,2014,2017890123456
Ava,Patel,Medicine,1997,2016,2018901234567
James,Li,Computer Science,1995,2014,2019012345678
Isabella,Lin,Business,1996,2015,2010123456789
Ethan,Singh,Engineering,1998,2017,2011234567890
Emma,Lee,Medicine,1995,2014,2012345678901
Mason,Lim,Computer Science,1996,2015,2013456789012
Mia,Choi,Law,1997,2016,2014567890123
Lucas,Tran,Business,1995,2014,2015678901234
Avery,Yang,Engineering,1995,2014,2016789012345
Harper,Lee,Medicine,1998,2017,2017890123456
Jacob,Kim,Computer Science,1996,2015,2018901234567
Ella,Park,Law,1997,2016,2019012345678
Alexander,Hu,Business,1995,2014,2010123456789
Abigail,Wang,Engineering,1995,2014,2011234567890
Daniel,Tran,Medicine,1996,2015,2012345678901
Sophie,Garcia,Computer Science,1998,2017,2013456789012
Matthew,Li,Business,1995,2014,2014567890123
Grace,Zhang,Engineering,1997,2016,2015678901234
Logan,Kim,Medicine,1995,2014,2016789012345
Chloe,Liu,Computer Science,1996,2015,2017890123456
Benjamin,Nguyen,Law,1998,2017,2018901234567
Lily,Ye,Business,1995,2014,2019012345678
Caleb,Lin,Engineering,1996,2015,2010123456789
Hannah,Park,Medicine,1997,2016,2011234567890
Luke,Chen,Computer Science,1995,2014,2012345678901
Audrey,Tran,Business,1998,2017,2013456789012
Owen,Kim,Engineering,1995,2014,2014567890123
Aaliyah,Gupta,Medicine,1996,2015,2015678901234
Nathan,Li,Computer Science,1997,2016,2016789012345
Victoria,Wong,Law,1995,2014,2017890123456
Evelyn,Chang,Business,1995,2014,2018901234567
